{"cameraMode":{"drawMode":0,"name":"Shaded","section":"Shading Mode"},"sceneLighting":true,"audioPlay":false,"sceneViewState":{"m_AlwaysRefresh":false,"showFog":true,"showSkybox":true,"showFlares":true,"showImageEffects":true,"showParticleSystems":true,"showVisualEffectGraphs":true,"m_FxEnabled":true},"in2DMode":false,"pivot":{"x":23.397756576538087,"y":0.35342979431152346,"z":-2.915923595428467},"rotation":{"x":0.054906051605939868,"y":-0.7554224133491516,"z":0.6498287916183472,"w":0.06383306533098221},"size":27.74297523498535,"orthographic":false}